name,age
navneet,25







Haan, PW (Physics Wallah) IPO jaisa case bhi ho sakta hai, lekin ek difference samajhna zaroori hai.

PW ke time bhi logon ko GMP aur listing ko lekar doubt tha, kyunki company us waqt bhi accounting profit ke hisaab se bahut strong nahi thi. Lekin listing ke din stock ne lagbhag 33% premium par debut kiya. 

Isse ek important baat samajh aati hai:

Loss-making company bhi achhi listing de sakti hai, agar market future growth par bharosa karta ho.

Aur profit-making company bhi discount par list ho sakti hai, agar valuation bahut mehenga ho ya demand kam ho.

MV Electrosystems ke case mein
Main sirf GMP dekhkar apply nahi karta. Main ye 5 cheezein dekhta:

✅ QIB subscription (sabse important)

✅ HNI subscription

✅ GMP trend (last 2–3 din)

✅ Valuation

✅ Company ki future growth story

Agar:

QIB bahut strong ho (10x–20x+),

GMP listing tak stable rahe,

Market sentiment positive ho,

toh loss-making company bhi achha perform kar sakti hai.

Lekin agar listing se 1–2 din pehle GMP tezi se girne lage ya QIB demand weak ho, to listing expectations bhi kam ho jati hain.

Isliye GMP ko signal samjho, guarantee nahi. Zerodha bhi yehi caution deta hai ki GMP unofficial hota hai aur IPO interest ko samajhne ke liye exchange par dikhne wale subscription numbers zyada reliable hote hain. 
